pair_id,text_a,text_b,my_score
74,Examine the role of Accounting in a contemporary social context with a focus on business ethics and responsible management so as to develop skills in resolving conflict and ethical dilemma.,Describe the business environment of the accounting profession.,
19,"Communicate pharmacological concepts effectively in individual and team settings, using reflective practice to identify and address misconceptions and to evaluate digital tools and emerging technologies. (Professional)",Apply knowledge from functional anatomy to understand strength and conditioning principles (Exercise Science Practitioner),
119,discuss principles and difficulties of observational methods that allow us to interpret the physical characteristics of an astronomical object based on the light we receive from it.,Analyse and interpret basic mechanical and physiological data relevant to an exercise scientist (Scientist and Scholar),
79,"adhere to standard software engineering practices, including documentation, unit testing and debugging",demonstrate foundational learning skills including active engagement in their learning process,
77,Import and transform 3D models and animations from a modelling tool into a 3D game engine.,"Evaluate marketing research principles, techniques, and tools",
32,apply the equations of stellar structure and the simplifications that lead to polytropic stellar models.,Demonstrate skills required of an exercise scientist in identifying major surface anatomy landmarks of the musculoskeletal and vascular systems. (Exercise Science Practitioner),
65,demonstrate an understanding of a range of instrumentation topics and how they are connect to astronomical discoveries.,Test mathematical conjectures involving elementary functions.,
142,demonstrate knowledge of the way radiation interacts with matter in different astrophysical environments through solving radiative transfer problems.,"Calculate the dynamical properties of stellar systems based on analytic gravitational potentials, and use these to make inferences about galaxies.",
69,"Perform calculations, including rates of changes and integrals, of elementary functions used in science and economics (including linear, polynomial, exponential, logarithmic, and trigonometric) and interpret results of these calculations.","Communicate mathematical concepts, pertaining to foundation level science topics, in a variety of forms including graphically, numerically, in writing and by using equations.",
83,"explain the processes and physics involved in stellar evolution, including the processes that bring about stellar death.","Communicate mathematical concepts, pertaining to foundation level science topics, in a variety of forms including graphically, numerically, in writing and by using equations.",
111,"Describe how cells in the human body work together to send signals, control gene activity, move substances, respond to their environment, and communicate with each other. (Scientist & Scholar)",Measure and interpret physiological data obtained at rest and during exercise. (Scientist & Scholar and Exercise Science Practitioner),
13,"Describe the organisation of the nervous system, including how communication occurs within the nervous system. (Capability 1: Scientist and Scholar)",Describe the primary physiological functions of the broad range of human cells in a sport and exercise context. (Scientist and Scholar),
37,Demonstrate proficiency in safely instructing a range of exercises typically used in resistance training (Exercise Science Practitioner),Identify and explain common contraindications for participation in strength and conditioning training (Scientist and Scholar),
10,Adapt communication and teamwork strategies to effectively engage with individuals from diverse cultural backgrounds. (Citizen),"Use reflective practice to assess own personal performance, explore career aspirations, and identify areas for development. (Professional)",
20,Explain and use Probability Theory relevant to Statistical Inference.,use numerical codes to solve astrophysical problems.,
57,communicate complex physical concepts in writing and orally.,Apply mathematical reasoning to simple problem solving in the context of elementary algebra and calculus.,
105,Evaluate and use elementary Bayesian inference methods.,design and write python code to apply statistical techniques to analysing and interpreting astronomical data sets.,
70,Identify and explain the use of technical art techniques implemented in a 3D scene.,Measure and interpret physiological data obtained at rest and during exercise. (Scientist & Scholar and Exercise Science Practitioner),
56,Analyse risks and develop control plans pertinent to primary business activities.,"Demonstrate effective interpersonal and professional communication skills, including the ability to clearly and accurately convey clinical anatomical concepts to both peers and non-specialist audiences, whether working independently or as part of a team. (Practitioner)",
133,"Identify and describe the role of accounting in organisational governance and stewardship, and in discharging accountability to stakeholders.",Apply skills in processing accounting information and explain classifications and/or treatments to essential accounting processes and the use of accounting software.,
