pair_id,ulo_id_a,unit_a,discipline_a,text_a,ulo_id_b,unit_b,discipline_b,text_b,pair_type,llm_score,llm_reason
1,189,ESPS1002,Medicine & Health,Demonstrate proficiency in safely instructing a range of exercises typically used in resistance training (Exercise Science Practitioner),195,ESPS1003,Medicine & Health,Demonstrate competency in the use of appropriate reference styles (Scientist and Scholar),same_discipline,,
2,17,STAT6191,Mathematics & Statistics,Evaluate and use likelihood-based inference methods.,18,STAT6191,Mathematics & Statistics,Evaluate and use elementary Bayesian inference methods.,same_unit,,
3,172,MEDI2300,Medicine & Health,"Identify the organisation and roles of key brain structures in regulating motor, sensory, homeostatic and cognitive functions. (Capability 1: Scientist and Scholar)",208,ESPS2000,Medicine & Health,Apply various theoretical models of health behaviour change to specific health issues,same_discipline,,
4,42,COMP1151,Computing,Apply game design theory to analyse existing games.,43,COMP1151,Computing,Apply game design principles and processes in the production of a simple game.,same_unit,,
5,40,COMP1151,Computing,Demonstrate disciplinary knowledge of game design and development theories and practices.,44,COMP1151,Computing,Prototype a simple game within a game engine.,same_unit,,
6,59,ASTR2020,Mathematics & Statistics,Critically discuss astronomical topics in small teams to come up with effective solutions to problems.,141,ACCG2050,Business,Evaluate the role of Information Systems and Accounting Information Systems in supporting the business processes of an organisation,cross_discipline,,
7,165,MEDI2103,Medicine & Health,Effectively communicate scientific concepts related to alimentary health and disease and reflect on how scientific knowledge informs clinical practice. (Capability 4: Professional),194,ESPS1003,Medicine & Health,Demonstrate the ability to locate and access peer-reviewed scientific literature using relevant search engines and databases (Exercise Science Practitioner),same_discipline,,
8,51,COMP1300,Computing,"Demonstrate an understanding of technical concepts related to information security, computing, networking, and emerging technologies.",55,COMP1300,Computing,Identify cybersecurity risks faced by business and relate the management of those risks to the enterprise governance.,same_unit,,
9,176,MEDI3100,Medicine & Health,Recognise and explain the major components of a basic functional assessment of the major body systems. (Scientist and Scholar),196,ESPS1003,Medicine & Health,Categorise and organise data sets of different types in preparation for statistical analysis (Scientist and Scholar),same_discipline,,
10,152,MEDI1400,Medicine & Health,Adapt communication and teamwork strategies to effectively engage with individuals from diverse cultural backgrounds. (Citizen),153,MEDI1400,Medicine & Health,"Use reflective practice to assess own personal performance, explore career aspirations, and identify areas for development. (Professional)",same_unit,,
11,23,COMJ1000,Computing,"understand and apply appropriately the taught concepts such as variables, loops, functions, conditionals and compound data in the implementation of well-designed programs",69,ASTR3020,Mathematics & Statistics,"Calculate the dynamical properties of stellar systems based on analytic gravitational potentials, and use these to make inferences about galaxies.",cross_discipline,,
12,117,MKTG2006,Business,Analyse and interpret marketing practices to generate actionable insights through the use of marketing technology tools.,136,ACCG2024,Business,Explain the regulatory environment for financial reporting including the conceptual framework by employing appropriate theories underlying accounting practice.,same_discipline,,
13,171,MEDI2300,Medicine & Health,"Describe the organisation of the nervous system, including how communication occurs within the nervous system. (Capability 1: Scientist and Scholar)",201,ESPS1004,Medicine & Health,Describe the primary physiological functions of the broad range of human cells in a sport and exercise context. (Scientist and Scholar),same_discipline,,
14,55,COMP1300,Computing,Identify cybersecurity risks faced by business and relate the management of those risks to the enterprise governance.,129,ACCG2000,Business,Discuss and analyse management accounting issues and information.,cross_discipline,,
15,114,MKTG2004,Business,"Employ critical thinking techniques to solve marketing communications problems, individually and/or in collaboration",115,MKTG2004,Business,Develop an effective integrated marketing communications plan and professionally communicate it to the appropriate audience.,same_unit,,
16,159,MEDI2005,Medicine & Health,"Explain the multifactorial nature of health and disease by integrating knowledge of host defence mechanisms, immune responses, and genetic and biological factors that contribute to disease. (Capability 2: Practitioner)",161,MEDI2005,Medicine & Health,Apply scientific knowledge and current research to interpret clinical scenarios and communicate key concepts in health and disease mechanisms. (Capability 4: Practitioner),same_unit,,
17,132,ACCG2002,Business,Identify key aspects of the commercial legal environment and the Australian corporate legislative framework and distinguish the legal characteristics of differing business organisations.,178,MEDI3100,Medicine & Health,"Demonstrate effective interpersonal and professional communication skills, including the ability to clearly and accurately convey clinical anatomical concepts to both peers and non-specialist audiences, whether working independently or as part of a team. (Practitioner)",cross_discipline,,
18,58,ASTR2020,Mathematics & Statistics,Apply python computer programming to solve laboratory problems,82,ASTR7907,Mathematics & Statistics,communicate complex physical concepts in writing and orally.,same_discipline,,
19,157,MEDI2004,Medicine & Health,"Communicate pharmacological concepts effectively in individual and team settings, using reflective practice to identify and address misconceptions and to evaluate digital tools and emerging technologies. (Professional)",188,ESPS1002,Medicine & Health,Apply knowledge from functional anatomy to understand strength and conditioning principles (Exercise Science Practitioner),same_discipline,,
20,14,STAT6191,Mathematics & Statistics,Explain and use Probability Theory relevant to Statistical Inference.,83,ASTR7907,Mathematics & Statistics,use numerical codes to solve astrophysical problems.,same_discipline,,
21,90,MATH1000,Mathematics & Statistics,"Communicate mathematical concepts, pertaining to foundation level science topics, in a variety of forms including graphically, numerically, in writing and by using equations.",91,MATH1000,Mathematics & Statistics,Apply mathematical reasoning to simple problem solving in the context of elementary algebra and calculus.,same_unit,,
22,130,ACCG2000,Business,"Use Microsoft Excel for fundamental managerial accounting planning, control and evaluation tasks.",194,ESPS1003,Medicine & Health,Demonstrate the ability to locate and access peer-reviewed scientific literature using relevant search engines and databases (Exercise Science Practitioner),cross_discipline,,
23,12,COMP6350,Computing,Develop skills in using a industrial-strength database tools and interactive development environments for building databases.,149,ACCG2051,Business,Apply data protection and privacy regulations when using or sharing data and information in the business environment.,cross_discipline,,
24,112,MKTG2002,Business,Apply market research knowledge and skills to interpret research results and communicate results and recommendations in a professional manner,125,ACCG1001,Business,Analyse financial statements and integrate knowledge and skills to solve business problems including working capital.,same_discipline,,
25,68,ASTR3020,Mathematics & Statistics,"Explain the principal properties of stellar populations, including their evolution with time and metallicity, and how their properties are modelled.",69,ASTR3020,Mathematics & Statistics,"Calculate the dynamical properties of stellar systems based on analytic gravitational potentials, and use these to make inferences about galaxies.",same_unit,,
26,100,GMBA8031,Business,Critically evaluate a range of theories to decode the components of persuasive communications,101,GMBA8031,Business,"Apply a range of different strategies in a variety of context to build rapport, overcome resistance, and find acceptance, individually and/or in collaboration with peers.",same_unit,,
27,113,MKTG2004,Business,"Identify and define key terms, concepts, frameworks and models of marketing communications.",133,ACCG2002,Business,"Recognise features of corporate functionality and management issues, including the role and obligations of directors and insolvency regulation.",same_discipline,,
28,6,COMP8240,Computing,"Apply a knowledge of programming and/or use of appropriate applications (for e.g. data gathering, curation, cleaning or analysis) in the context of practical work relevant to an empirical research project.",49,COMP1170,Computing,Import and transform 3D models and animations from a modelling tool into a 3D game engine.,same_discipline,,
29,24,COMJ1000,Computing,"identify and describe ethical issues to academic and professional practice, and demonstrate active engagement in the learning process",72,ASTR3020,Mathematics & Statistics,"Demonstrate knowledge of current galaxy formation and evolutionary theories, and the techniques used to simulate these.",cross_discipline,,
30,103,MKTG1001,Business,"Understand fundamentals of marketing, concepts, frameworks and theories.",104,MKTG1001,Business,"Apply marketing concepts, frameworks and theories to a range of real world scenarios.",same_unit,,
31,79,ASTR7907,Mathematics & Statistics,explain the synthesis of elements in stars and their observed chemical abundances.,83,ASTR7907,Mathematics & Statistics,use numerical codes to solve astrophysical problems.,same_unit,,
32,63,ASTR3010,Mathematics & Statistics,apply the equations of stellar structure and the simplifications that lead to polytropic stellar models.,202,ESPS1004,Medicine & Health,Demonstrate skills required of an exercise scientist in identifying major surface anatomy landmarks of the musculoskeletal and vascular systems. (Exercise Science Practitioner),cross_discipline,,
33,120,ACCG1000,Business,Describe the business environment of the accounting profession.,122,ACCG1000,Business,Evaluate the traditional aspects of accounting for business decision-making.,same_unit,,
34,138,ACCG2024,Business,"Describe sustainable development practices, commonly used guidelines for Integrated Reporting and extended external reporting using XBRL.",139,ACCG2024,Business,Apply appropriate accounting treatments of company accounting in relation to equity and debt financing.,same_unit,,
35,52,COMP1300,Computing,Apply cyber hygiene principles to achieve personal security in the digital world.,54,COMP1300,Computing,Critically evaluate the relation between cyber security and privacy in the context of a legal and regulatory framework.,same_unit,,
36,162,MEDI2103,Medicine & Health,"Describe the anatomical organisation of the alimentary system, its neurovasculature, and its supporting structures within the head, neck, and trunk. (Capability 1: Scientist and Scholar)",202,ESPS1004,Medicine & Health,Demonstrate skills required of an exercise scientist in identifying major surface anatomy landmarks of the musculoskeletal and vascular systems. (Exercise Science Practitioner),same_discipline,,
37,189,ESPS1002,Medicine & Health,Demonstrate proficiency in safely instructing a range of exercises typically used in resistance training (Exercise Science Practitioner),192,ESPS1002,Medicine & Health,Identify and explain common contraindications for participation in strength and conditioning training (Scientist and Scholar),same_unit,,
38,154,MEDI2004,Medicine & Health,Apply core pharmacological concepts related to pharmacokinetics and pharmacodynamics to explain drug behaviour and effects in the human body. (Scientist and Scholar),184,ESPS1001,Medicine & Health,Describe the function and interaction of human physiological systems at rest. (Scientist & Scholar and Exercise Science Practitioner),same_discipline,,
39,165,MEDI2103,Medicine & Health,Effectively communicate scientific concepts related to alimentary health and disease and reflect on how scientific knowledge informs clinical practice. (Capability 4: Professional),179,ESPS1000,Medicine & Health,Identify and explain the fundamental principles of exercise and sports science sub-disciplines (Scientist and Scholar),same_discipline,,
40,144,ACCG2050,Business,Demonstrate effective communication and interaction skills through the delivery of oral presentations and engagement in group discussions,200,ESPS1004,Medicine & Health,Describe the key anatomical structures of the major systems of the human body that are relevant for an exercise scientist and explain their primary functions. (Scientist and Scholar),cross_discipline,,
41,136,ACCG2024,Business,Explain the regulatory environment for financial reporting including the conceptual framework by employing appropriate theories underlying accounting practice.,143,ACCG2050,Business,Analyse risks and develop control plans pertinent to primary business activities.,same_discipline,,
42,52,COMP1300,Computing,Apply cyber hygiene principles to achieve personal security in the digital world.,55,COMP1300,Computing,Identify cybersecurity risks faced by business and relate the management of those risks to the enterprise governance.,same_unit,,
43,204,ESPS1005,Medicine & Health,Demonstrate skills in identifying and differentiating musculoskeletal and vascular structures through surface anatomy. (Exercise Science Practitioner),205,ESPS1005,Medicine & Health,Explain joint complexes of the axial and appendicular skeleton and their independent and composite functions in posture and movement analysis in exercise. (Exercise Science Practitioner),same_unit,,
44,89,MATH1000,Mathematics & Statistics,"Perform calculations, including rates of changes and integrals, of elementary functions used in science and economics (including linear, polynomial, exponential, logarithmic, and trigonometric) and interpret results of these calculations.",94,MATH1000,Mathematics & Statistics,"Create, communicate and interpret the content of mathematical models relevant to foundation level science topics.",same_unit,,
45,163,MEDI2103,Medicine & Health,"Describe the physiological processes of the alimentary system, the function and metabolism of nutrients, and how these are regulated. (Capability 1: Scientist and Scholar)",184,ESPS1001,Medicine & Health,Describe the function and interaction of human physiological systems at rest. (Scientist & Scholar and Exercise Science Practitioner),same_discipline,,
46,92,MATH1000,Mathematics & Statistics,Test mathematical conjectures involving elementary functions.,136,ACCG2024,Business,Explain the regulatory environment for financial reporting including the conceptual framework by employing appropriate theories underlying accounting practice.,cross_discipline,,
47,115,MKTG2004,Business,Develop an effective integrated marketing communications plan and professionally communicate it to the appropriate audience.,146,ACCG2051,Business,"Explain how companies are formed, differentiate between types of companies, and analyse and evaluate the role and obligations of directors.",same_discipline,,
48,114,MKTG2004,Business,"Employ critical thinking techniques to solve marketing communications problems, individually and/or in collaboration",161,MEDI2005,Medicine & Health,Apply scientific knowledge and current research to interpret clinical scenarios and communicate key concepts in health and disease mechanisms. (Capability 4: Practitioner),cross_discipline,,
49,150,MEDI1400,Medicine & Health,Develop learning techniques to effectively manage academic tasks and address learning challenges specific to the clinical sciences discipline. (Scientist and Scholar),180,ESPS1000,Medicine & Health,Explain key terminology and foundational concepts as they apply to exercise and sports science (Exercise Science Practitioner),same_discipline,,
50,34,COMP1010,Computing,demonstrate foundational learning skills including active engagement in their learning process,209,ESPS2000,Medicine & Health,Critically evaluate strategies to support health behaviour change initiatives and promote exercise adherence,cross_discipline,,
51,148,ACCG2051,Business,"Analyse insolvency mechanisms and issues, and critically assess corporate insolvency in the current regulatory environment.",153,MEDI1400,Medicine & Health,"Use reflective practice to assess own personal performance, explore career aspirations, and identify areas for development. (Professional)",cross_discipline,,
52,58,ASTR2020,Mathematics & Statistics,Apply python computer programming to solve laboratory problems,188,ESPS1002,Medicine & Health,Apply knowledge from functional anatomy to understand strength and conditioning principles (Exercise Science Practitioner),cross_discipline,,
53,15,STAT6191,Mathematics & Statistics,Demonstrate knowledge of the fundamental principles of inference.,18,STAT6191,Mathematics & Statistics,Evaluate and use elementary Bayesian inference methods.,same_unit,,
54,114,MKTG2004,Business,"Employ critical thinking techniques to solve marketing communications problems, individually and/or in collaboration",117,MKTG2006,Business,Analyse and interpret marketing practices to generate actionable insights through the use of marketing technology tools.,same_discipline,,
55,7,COMP8240,Computing,Articulate clearly a coherent argument in written and oral form to a variety of audiences.,177,MEDI3100,Medicine & Health,"Explain the principles of clinical imaging for plain film radiography, CT, MRI, sonography and SPECT, and the risk-benefit rationale underlying referral protocols. (Scientist and Scholar)",cross_discipline,,
56,143,ACCG2050,Business,Analyse risks and develop control plans pertinent to primary business activities.,178,MEDI3100,Medicine & Health,"Demonstrate effective interpersonal and professional communication skills, including the ability to clearly and accurately convey clinical anatomical concepts to both peers and non-specialist audiences, whether working independently or as part of a team. (Practitioner)",cross_discipline,,
57,82,ASTR7907,Mathematics & Statistics,communicate complex physical concepts in writing and orally.,91,MATH1000,Mathematics & Statistics,Apply mathematical reasoning to simple problem solving in the context of elementary algebra and calculus.,same_discipline,,
58,95,GMBA8024,Business,Analyse the concept of customer value and its importance to an organisation.,158,MEDI2005,Medicine & Health,"Apply medical terminology to describe pathological processes, including the body's systemic and local responses to tissue injury, infection and neoplastic transformation. (Capability 1: Scientist and Scholar)",cross_discipline,,
59,49,COMP1170,Computing,Import and transform 3D models and animations from a modelling tool into a 3D game engine.,138,ACCG2024,Business,"Describe sustainable development practices, commonly used guidelines for Integrated Reporting and extended external reporting using XBRL.",cross_discipline,,
60,134,ACCG2002,Business,"Apply investment and financing concepts to business decisions and critically evaluate financial viability including an exploration of financial models, forecasting capital expenditures, working capital needs and financing events.",165,MEDI2103,Medicine & Health,Effectively communicate scientific concepts related to alimentary health and disease and reflect on how scientific knowledge informs clinical practice. (Capability 4: Professional),cross_discipline,,
61,33,COMP1010,Computing,compare different methods available for the same problem in terms of efficiency and other criteria,36,COMP1050,Computing,Create a project plan.,same_discipline,,
62,168,MEDI2200,Medicine & Health,"Examine the molecular processes involved in cell division, DNA replication, transcription, and translation.",169,MEDI2200,Medicine & Health,Discuss the cellular mechanisms that contribute to the maintenance of genetic stability or to genetic variation.,same_unit,,
63,55,COMP1300,Computing,Identify cybersecurity risks faced by business and relate the management of those risks to the enterprise governance.,101,GMBA8031,Business,"Apply a range of different strategies in a variety of context to build rapport, overcome resistance, and find acceptance, individually and/or in collaboration with peers.",cross_discipline,,
64,72,ASTR3020,Mathematics & Statistics,"Demonstrate knowledge of current galaxy formation and evolutionary theories, and the techniques used to simulate these.",110,MKTG2002,Business,"Evaluate marketing research principles, techniques, and tools",cross_discipline,,
65,57,ASTR2020,Mathematics & Statistics,demonstrate an understanding of a range of instrumentation topics and how they are connect to astronomical discoveries.,92,MATH1000,Mathematics & Statistics,Test mathematical conjectures involving elementary functions.,same_discipline,,
66,154,MEDI2004,Medicine & Health,Apply core pharmacological concepts related to pharmacokinetics and pharmacodynamics to explain drug behaviour and effects in the human body. (Scientist and Scholar),157,MEDI2004,Medicine & Health,"Communicate pharmacological concepts effectively in individual and team settings, using reflective practice to identify and address misconceptions and to evaluate digital tools and emerging technologies. (Professional)",same_unit,,
67,4,COMP6210,Computing,Apply techniques for handling high-dimensional big data.,75,ASTR3110,Mathematics & Statistics,design and write python code to apply statistical techniques to analysing and interpreting astronomical data sets.,cross_discipline,,
68,71,ASTR3020,Mathematics & Statistics,"Apply metrics in the context of cosmological models, and understand how observations constrain different components of these models.",169,MEDI2200,Medicine & Health,Discuss the cellular mechanisms that contribute to the maintenance of genetic stability or to genetic variation.,cross_discipline,,
69,89,MATH1000,Mathematics & Statistics,"Perform calculations, including rates of changes and integrals, of elementary functions used in science and economics (including linear, polynomial, exponential, logarithmic, and trigonometric) and interpret results of these calculations.",90,MATH1000,Mathematics & Statistics,"Communicate mathematical concepts, pertaining to foundation level science topics, in a variety of forms including graphically, numerically, in writing and by using equations.",same_unit,,
70,50,COMP1170,Computing,Identify and explain the use of technical art techniques implemented in a 3D scene.,187,ESPS1001,Medicine & Health,Measure and interpret physiological data obtained at rest and during exercise. (Scientist & Scholar and Exercise Science Practitioner),cross_discipline,,
71,171,MEDI2300,Medicine & Health,"Describe the organisation of the nervous system, including how communication occurs within the nervous system. (Capability 1: Scientist and Scholar)",187,ESPS1001,Medicine & Health,Measure and interpret physiological data obtained at rest and during exercise. (Scientist & Scholar and Exercise Science Practitioner),same_discipline,,
72,63,ASTR3010,Mathematics & Statistics,apply the equations of stellar structure and the simplifications that lead to polytropic stellar models.,117,MKTG2006,Business,Analyse and interpret marketing practices to generate actionable insights through the use of marketing technology tools.,cross_discipline,,
73,58,ASTR2020,Mathematics & Statistics,Apply python computer programming to solve laboratory problems,92,MATH1000,Mathematics & Statistics,Test mathematical conjectures involving elementary functions.,same_discipline,,
74,119,ACCG1000,Business,Examine the role of Accounting in a contemporary social context with a focus on business ethics and responsible management so as to develop skills in resolving conflict and ethical dilemma.,120,ACCG1000,Business,Describe the business environment of the accounting profession.,same_unit,,
75,49,COMP1170,Computing,Import and transform 3D models and animations from a modelling tool into a 3D game engine.,139,ACCG2024,Business,Apply appropriate accounting treatments of company accounting in relation to equity and debt financing.,cross_discipline,,
76,22,COMJ1000,Computing,"use standard software engineering practices and tools to document, debug, test and manage their programs",111,MKTG2002,Business,"Design and apply qualitative and quantitative research to explore real-world market issues and opportunities, individually and/or in collaboration",cross_discipline,,
77,49,COMP1170,Computing,Import and transform 3D models and animations from a modelling tool into a 3D game engine.,110,MKTG2002,Business,"Evaluate marketing research principles, techniques, and tools",cross_discipline,,
78,44,COMP1151,Computing,Prototype a simple game within a game engine.,54,COMP1300,Computing,Critically evaluate the relation between cyber security and privacy in the context of a legal and regulatory framework.,same_discipline,,
79,32,COMP1010,Computing,"adhere to standard software engineering practices, including documentation, unit testing and debugging",34,COMP1010,Computing,demonstrate foundational learning skills including active engagement in their learning process,same_unit,,
80,54,COMP1300,Computing,Critically evaluate the relation between cyber security and privacy in the context of a legal and regulatory framework.,113,MKTG2004,Business,"Identify and define key terms, concepts, frameworks and models of marketing communications.",cross_discipline,,
81,78,ASTR7907,Mathematics & Statistics,discuss stellar pulsations and role this plays in stellar evolution and mass loss.,81,ASTR7907,Mathematics & Statistics,"solve problems in real-time during SGTA and workshops, and demonstrate solutions to peers",same_unit,,
82,60,ASTR3010,Mathematics & Statistics,discuss principles and difficulties of observational methods that allow us to interpret the physical characteristics of an astronomical object based on the light we receive from it.,63,ASTR3010,Mathematics & Statistics,apply the equations of stellar structure and the simplifications that lead to polytropic stellar models.,same_unit,,
83,64,ASTR3010,Mathematics & Statistics,"explain the processes and physics involved in stellar evolution, including the processes that bring about stellar death.",90,MATH1000,Mathematics & Statistics,"Communicate mathematical concepts, pertaining to foundation level science topics, in a variety of forms including graphically, numerically, in writing and by using equations.",same_discipline,,
84,105,MKTG1001,Business,"Use a variety of tools to understand the customer, and create value through marketing efforts.",145,ACCG2051,Business,Identify the features of the Australian legal system including the law of contract and distinguish business organisations based on their legal characteristics.,same_discipline,,
85,13,COMP6350,Computing,Complete different database programming tasks to specification using SQL,36,COMP1050,Computing,Create a project plan.,same_discipline,,
86,147,ACCG2051,Business,Examine how shareholders rights are protected and how the Corporations Act regulates acquisition and disposal of shares.,171,MEDI2300,Medicine & Health,"Describe the organisation of the nervous system, including how communication occurs within the nervous system. (Capability 1: Scientist and Scholar)",cross_discipline,,
87,78,ASTR7907,Mathematics & Statistics,discuss stellar pulsations and role this plays in stellar evolution and mass loss.,113,MKTG2004,Business,"Identify and define key terms, concepts, frameworks and models of marketing communications.",cross_discipline,,
88,179,ESPS1000,Medicine & Health,Identify and explain the fundamental principles of exercise and sports science sub-disciplines (Scientist and Scholar),183,ESPS1000,Medicine & Health,"Communicate exercise and sports science knowledge and data clearly using written, verbal, and digital formats suitable for academic and professional settings. (Professional)",same_unit,,
89,60,ASTR3010,Mathematics & Statistics,discuss principles and difficulties of observational methods that allow us to interpret the physical characteristics of an astronomical object based on the light we receive from it.,140,ACCG2024,Business,Research and professionally communicate appropriate accounting treatment and recommendations through written assignments and presentations.,cross_discipline,,
90,60,ASTR3010,Mathematics & Statistics,discuss principles and difficulties of observational methods that allow us to interpret the physical characteristics of an astronomical object based on the light we receive from it.,109,MKTG1003,Business,Apply consumer behaviour theory to develop solutions to consumption decisions acknowledging ethical implications for society.,cross_discipline,,
91,61,ASTR3010,Mathematics & Statistics,demonstrate knowledge of the way radiation interacts with matter in different astrophysical environments through solving radiative transfer problems.,129,ACCG2000,Business,Discuss and analyse management accounting issues and information.,cross_discipline,,
92,12,COMP6350,Computing,Develop skills in using a industrial-strength database tools and interactive development environments for building databases.,30,COMP1010,Computing,apply enhanced problem solving skills to develop algorithms,same_discipline,,
93,207,ESPS1005,Medicine & Health,Analyse movement and identify the roles of muscle/s in producing and controlling the movement of a joint. (Exercise Science Practitioner),208,ESPS2000,Medicine & Health,Apply various theoretical models of health behaviour change to specific health issues,same_discipline,,
94,111,MKTG2002,Business,"Design and apply qualitative and quantitative research to explore real-world market issues and opportunities, individually and/or in collaboration",129,ACCG2000,Business,Discuss and analyse management accounting issues and information.,same_discipline,,
95,131,ACCG2000,Business,Apply appropriate management accounting concepts and techniques to formulate informed solutions to business problems.,137,ACCG2024,Business,"Apply the rules of International Financial Reporting Standards (IFRS) and its Australian equivalents Australian Accounting Standards Board (AASB) to selected financial transactions and events, and prepare a complete set of financial statements based on both accrual and cash accounting.",same_discipline,,
96,72,ASTR3020,Mathematics & Statistics,"Demonstrate knowledge of current galaxy formation and evolutionary theories, and the techniques used to simulate these.",208,ESPS2000,Medicine & Health,Apply various theoretical models of health behaviour change to specific health issues,cross_discipline,,
97,39,COMP1050,Computing,Demonstrate an understanding of software engineering culture and form camaraderie.,130,ACCG2000,Business,"Use Microsoft Excel for fundamental managerial accounting planning, control and evaluation tasks.",cross_discipline,,
98,194,ESPS1003,Medicine & Health,Demonstrate the ability to locate and access peer-reviewed scientific literature using relevant search engines and databases (Exercise Science Practitioner),195,ESPS1003,Medicine & Health,Demonstrate competency in the use of appropriate reference styles (Scientist and Scholar),same_unit,,
99,190,ESPS1002,Medicine & Health,"Design and identify resistance training programs tailored to the specific needs of an individual across the lifespan for a range of outcomes including general health, hypertrophy, strength, and power (Exercise Science Practitioner)",200,ESPS1004,Medicine & Health,Describe the key anatomical structures of the major systems of the human body that are relevant for an exercise scientist and explain their primary functions. (Scientist and Scholar),same_discipline,,
100,61,ASTR3010,Mathematics & Statistics,demonstrate knowledge of the way radiation interacts with matter in different astrophysical environments through solving radiative transfer problems.,65,ASTR3010,Mathematics & Statistics,apply computational techniques to model physical phenomena in different astrophysical environments using the Unix environment and elements of the python computing language.,same_unit,,
101,116,MKTG2006,Business,Identify and explain the role of technology and data in enhancing marketing strategies.,117,MKTG2006,Business,Analyse and interpret marketing practices to generate actionable insights through the use of marketing technology tools.,same_unit,,
102,1,COMP6210,Computing,Explain the key Big Data concepts and techniques.,59,ASTR2020,Mathematics & Statistics,Critically discuss astronomical topics in small teams to come up with effective solutions to problems.,cross_discipline,,
103,19,STAT6191,Mathematics & Statistics,Analyse data using computing packages which implement the most common Inference procedures.,90,MATH1000,Mathematics & Statistics,"Communicate mathematical concepts, pertaining to foundation level science topics, in a variety of forms including graphically, numerically, in writing and by using equations.",same_discipline,,
104,120,ACCG1000,Business,Describe the business environment of the accounting profession.,145,ACCG2051,Business,Identify the features of the Australian legal system including the law of contract and distinguish business organisations based on their legal characteristics.,same_discipline,,
105,18,STAT6191,Mathematics & Statistics,Evaluate and use elementary Bayesian inference methods.,75,ASTR3110,Mathematics & Statistics,design and write python code to apply statistical techniques to analysing and interpreting astronomical data sets.,same_discipline,,
106,64,ASTR3010,Mathematics & Statistics,"explain the processes and physics involved in stellar evolution, including the processes that bring about stellar death.",66,ASTR3010,Mathematics & Statistics,"design, conduct, analyse and report on observational experiments related to measuring the radiation from stars, galaxies and other astronomical objects in order to determine their properties.",same_unit,,
107,48,COMP1170,Computing,"Create simple materials and shaders that demonstrate an understanding of the fundamental building blocks of computer graphics, including textures, UVs and normals.",49,COMP1170,Computing,Import and transform 3D models and animations from a modelling tool into a 3D game engine.,same_unit,,
108,11,COMP6350,Computing,"Design and develop small, functional database applications using modern database design methods.",40,COMP1151,Computing,Demonstrate disciplinary knowledge of game design and development theories and practices.,same_discipline,,
109,23,COMJ1000,Computing,"understand and apply appropriately the taught concepts such as variables, loops, functions, conditionals and compound data in the implementation of well-designed programs",55,COMP1300,Computing,Identify cybersecurity risks faced by business and relate the management of those risks to the enterprise governance.,same_discipline,,
110,108,MKTG1003,Business,Critically analyse and apply consumer behaviour theory to real-world consumption experiences.,146,ACCG2051,Business,"Explain how companies are formed, differentiate between types of companies, and analyse and evaluate the role and obligations of directors.",same_discipline,,
111,186,ESPS1001,Medicine & Health,"Describe how cells in the human body work together to send signals, control gene activity, move substances, respond to their environment, and communicate with each other. (Scientist & Scholar)",187,ESPS1001,Medicine & Health,Measure and interpret physiological data obtained at rest and during exercise. (Scientist & Scholar and Exercise Science Practitioner),same_unit,,
112,171,MEDI2300,Medicine & Health,"Describe the organisation of the nervous system, including how communication occurs within the nervous system. (Capability 1: Scientist and Scholar)",173,MEDI2300,Medicine & Health,Communicate the mechanisms of action and interactions of specific drug classes that influence nervous system function. (Capability 2: Practitioner),same_unit,,
113,31,COMP1010,Computing,"implement programs from algorithms, showing an understanding of control flow",34,COMP1010,Computing,demonstrate foundational learning skills including active engagement in their learning process,same_unit,,
114,96,GMBA8024,Business,"Explore the types of customer data that are collected, both by traditional and digital methods.",194,ESPS1003,Medicine & Health,Demonstrate the ability to locate and access peer-reviewed scientific literature using relevant search engines and databases (Exercise Science Practitioner),cross_discipline,,
115,150,MEDI1400,Medicine & Health,Develop learning techniques to effectively manage academic tasks and address learning challenges specific to the clinical sciences discipline. (Scientist and Scholar),178,MEDI3100,Medicine & Health,"Demonstrate effective interpersonal and professional communication skills, including the ability to clearly and accurately convey clinical anatomical concepts to both peers and non-specialist audiences, whether working independently or as part of a team. (Practitioner)",same_discipline,,
116,18,STAT6191,Mathematics & Statistics,Evaluate and use elementary Bayesian inference methods.,209,ESPS2000,Medicine & Health,Critically evaluate strategies to support health behaviour change initiatives and promote exercise adherence,cross_discipline,,
117,146,ACCG2051,Business,"Explain how companies are formed, differentiate between types of companies, and analyse and evaluate the role and obligations of directors.",148,ACCG2051,Business,"Analyse insolvency mechanisms and issues, and critically assess corporate insolvency in the current regulatory environment.",same_unit,,
118,10,COMP6350,Computing,Demonstrate understanding of the basic concepts that underlie modern database management systems.,91,MATH1000,Mathematics & Statistics,Apply mathematical reasoning to simple problem solving in the context of elementary algebra and calculus.,cross_discipline,,
119,60,ASTR3010,Mathematics & Statistics,discuss principles and difficulties of observational methods that allow us to interpret the physical characteristics of an astronomical object based on the light we receive from it.,182,ESPS1000,Medicine & Health,Analyse and interpret basic mechanical and physiological data relevant to an exercise scientist (Scientist and Scholar),cross_discipline,,
120,51,COMP1300,Computing,"Demonstrate an understanding of technical concepts related to information security, computing, networking, and emerging technologies.",53,COMP1300,Computing,"Report on cyber criminality (in terms of activities, perpetrators and their motives) as well as its impact on society.",same_unit,,
121,71,ASTR3020,Mathematics & Statistics,"Apply metrics in the context of cosmological models, and understand how observations constrain different components of these models.",72,ASTR3020,Mathematics & Statistics,"Demonstrate knowledge of current galaxy formation and evolutionary theories, and the techniques used to simulate these.",same_unit,,
122,40,COMP1151,Computing,Demonstrate disciplinary knowledge of game design and development theories and practices.,181,ESPS1000,Medicine & Health,Discuss the mechanical principles to describe the motion of the human body (Exercise Science Practitioner),cross_discipline,,
123,17,STAT6191,Mathematics & Statistics,Evaluate and use likelihood-based inference methods.,82,ASTR7907,Mathematics & Statistics,communicate complex physical concepts in writing and orally.,same_discipline,,
124,34,COMP1010,Computing,demonstrate foundational learning skills including active engagement in their learning process,138,ACCG2024,Business,"Describe sustainable development practices, commonly used guidelines for Integrated Reporting and extended external reporting using XBRL.",cross_discipline,,
125,154,MEDI2004,Medicine & Health,Apply core pharmacological concepts related to pharmacokinetics and pharmacodynamics to explain drug behaviour and effects in the human body. (Scientist and Scholar),204,ESPS1005,Medicine & Health,Demonstrate skills in identifying and differentiating musculoskeletal and vascular structures through surface anatomy. (Exercise Science Practitioner),same_discipline,,
126,24,COMJ1000,Computing,"identify and describe ethical issues to academic and professional practice, and demonstrate active engagement in the learning process",68,ASTR3020,Mathematics & Statistics,"Explain the principal properties of stellar populations, including their evolution with time and metallicity, and how their properties are modelled.",cross_discipline,,
127,94,MATH1000,Mathematics & Statistics,"Create, communicate and interpret the content of mathematical models relevant to foundation level science topics.",150,MEDI1400,Medicine & Health,Develop learning techniques to effectively manage academic tasks and address learning challenges specific to the clinical sciences discipline. (Scientist and Scholar),cross_discipline,,
128,130,ACCG2000,Business,"Use Microsoft Excel for fundamental managerial accounting planning, control and evaluation tasks.",131,ACCG2000,Business,Apply appropriate management accounting concepts and techniques to formulate informed solutions to business problems.,same_unit,,
129,124,ACCG1001,Business,Apply skills in processing accounting information and explain classifications and/or treatments to essential accounting processes and the use of accounting software.,125,ACCG1001,Business,Analyse financial statements and integrate knowledge and skills to solve business problems including working capital.,same_unit,,
130,64,ASTR3010,Mathematics & Statistics,"explain the processes and physics involved in stellar evolution, including the processes that bring about stellar death.",65,ASTR3010,Mathematics & Statistics,apply computational techniques to model physical phenomena in different astrophysical environments using the Unix environment and elements of the python computing language.,same_unit,,
131,32,COMP1010,Computing,"adhere to standard software engineering practices, including documentation, unit testing and debugging",184,ESPS1001,Medicine & Health,Describe the function and interaction of human physiological systems at rest. (Scientist & Scholar and Exercise Science Practitioner),cross_discipline,,
132,21,COMJ1000,Computing,design and write code to implement a program description in a high-level programming language,24,COMJ1000,Computing,"identify and describe ethical issues to academic and professional practice, and demonstrate active engagement in the learning process",same_unit,,
133,123,ACCG1001,Business,"Identify and describe the role of accounting in organisational governance and stewardship, and in discharging accountability to stakeholders.",124,ACCG1001,Business,Apply skills in processing accounting information and explain classifications and/or treatments to essential accounting processes and the use of accounting software.,same_unit,,
134,115,MKTG2004,Business,Develop an effective integrated marketing communications plan and professionally communicate it to the appropriate audience.,126,ACCG1001,Business,Explain the regulatory accounting environment and its impact for the accounting profession.,same_discipline,,
135,75,ASTR3110,Mathematics & Statistics,design and write python code to apply statistical techniques to analysing and interpreting astronomical data sets.,201,ESPS1004,Medicine & Health,Describe the primary physiological functions of the broad range of human cells in a sport and exercise context. (Scientist and Scholar),cross_discipline,,
136,74,ASTR3110,Mathematics & Statistics,compare theoretical models to real data and quantify significance and likelihood.,161,MEDI2005,Medicine & Health,Apply scientific knowledge and current research to interpret clinical scenarios and communicate key concepts in health and disease mechanisms. (Capability 4: Practitioner),cross_discipline,,
137,134,ACCG2002,Business,"Apply investment and financing concepts to business decisions and critically evaluate financial viability including an exploration of financial models, forecasting capital expenditures, working capital needs and financing events.",136,ACCG2024,Business,Explain the regulatory environment for financial reporting including the conceptual framework by employing appropriate theories underlying accounting practice.,same_discipline,,
138,110,MKTG2002,Business,"Evaluate marketing research principles, techniques, and tools",126,ACCG1001,Business,Explain the regulatory accounting environment and its impact for the accounting profession.,same_discipline,,
139,1,COMP6210,Computing,Explain the key Big Data concepts and techniques.,52,COMP1300,Computing,Apply cyber hygiene principles to achieve personal security in the digital world.,same_discipline,,
140,8,COMP8240,Computing,"Apply a knowledge of the principles of ethical conduct of research, including an examination of the role of open access to data and publications.",99,GMBA8024,Business,Critically assess various digital and social marketing and their role in creating and measuring value.,cross_discipline,,
141,44,COMP1151,Computing,Prototype a simple game within a game engine.,45,COMP1151,Computing,Evaluate your work through self-reflection,same_unit,,
142,61,ASTR3010,Mathematics & Statistics,demonstrate knowledge of the way radiation interacts with matter in different astrophysical environments through solving radiative transfer problems.,69,ASTR3020,Mathematics & Statistics,"Calculate the dynamical properties of stellar systems based on analytic gravitational potentials, and use these to make inferences about galaxies.",same_discipline,,
143,111,MKTG2002,Business,"Design and apply qualitative and quantitative research to explore real-world market issues and opportunities, individually and/or in collaboration",173,MEDI2300,Medicine & Health,Communicate the mechanisms of action and interactions of specific drug classes that influence nervous system function. (Capability 2: Practitioner),cross_discipline,,
144,137,ACCG2024,Business,"Apply the rules of International Financial Reporting Standards (IFRS) and its Australian equivalents Australian Accounting Standards Board (AASB) to selected financial transactions and events, and prepare a complete set of financial statements based on both accrual and cash accounting.",139,ACCG2024,Business,Apply appropriate accounting treatments of company accounting in relation to equity and debt financing.,same_unit,,
145,145,ACCG2051,Business,Identify the features of the Australian legal system including the law of contract and distinguish business organisations based on their legal characteristics.,146,ACCG2051,Business,"Explain how companies are formed, differentiate between types of companies, and analyse and evaluate the role and obligations of directors.",same_unit,,
146,143,ACCG2050,Business,Analyse risks and develop control plans pertinent to primary business activities.,148,ACCG2051,Business,"Analyse insolvency mechanisms and issues, and critically assess corporate insolvency in the current regulatory environment.",same_discipline,,
147,133,ACCG2002,Business,"Recognise features of corporate functionality and management issues, including the role and obligations of directors and insolvency regulation.",134,ACCG2002,Business,"Apply investment and financing concepts to business decisions and critically evaluate financial viability including an exploration of financial models, forecasting capital expenditures, working capital needs and financing events.",same_unit,,
148,51,COMP1300,Computing,"Demonstrate an understanding of technical concepts related to information security, computing, networking, and emerging technologies.",52,COMP1300,Computing,Apply cyber hygiene principles to achieve personal security in the digital world.,same_unit,,
149,150,MEDI1400,Medicine & Health,Develop learning techniques to effectively manage academic tasks and address learning challenges specific to the clinical sciences discipline. (Scientist and Scholar),153,MEDI1400,Medicine & Health,"Use reflective practice to assess own personal performance, explore career aspirations, and identify areas for development. (Professional)",same_unit,,
150,63,ASTR3010,Mathematics & Statistics,apply the equations of stellar structure and the simplifications that lead to polytropic stellar models.,85,ASTR7913,Mathematics & Statistics,apply advanced knowledge of fundamental analysis techniques used in astronomy research.,same_discipline,,
