ulo_id,unit_code,unit_name,discipline,ulo_number,ulo_text,source_url,date_collected
1,COMP6210,Big Data,Computing,ULO1,Explain the key Big Data concepts and techniques.,https://unitguides.mq.edu.au/unit_offerings/175413/unit_guide,2026-10-07
2,COMP6210,Big Data,Computing,ULO2,Apply techniques for storing large volumes of data.,https://unitguides.mq.edu.au/unit_offerings/175413/unit_guide,2026-10-07
3,COMP6210,Big Data,Computing,ULO3,Apply Map-reduce techniques to a number of problems that involve Big Data.,https://unitguides.mq.edu.au/unit_offerings/175413/unit_guide,2026-10-07
4,COMP6210,Big Data,Computing,ULO4,Apply techniques for handling high-dimensional big data.,https://unitguides.mq.edu.au/unit_offerings/175413/unit_guide,2026-10-07
5,COMP8240,Applications of Data Science,Computing,ULO1,Define and manage a project involving empirical research.,https://unitguides.mq.edu.au/unit_offerings/174470/unit_guide,2026-10-07
6,COMP8240,Applications of Data Science,Computing,ULO2,"Apply a knowledge of programming and/or use of appropriate applications (for e.g. data gathering, curation, cleaning or analysis) in the context of practical work relevant to an empirical research project.",https://unitguides.mq.edu.au/unit_offerings/174470/unit_guide,2026-10-07
7,COMP8240,Applications of Data Science,Computing,ULO3,Articulate clearly a coherent argument in written and oral form to a variety of audiences.,https://unitguides.mq.edu.au/unit_offerings/174470/unit_guide,2026-10-07
8,COMP8240,Applications of Data Science,Computing,ULO4,"Apply a knowledge of the principles of ethical conduct of research, including an examination of the role of open access to data and publications.",https://unitguides.mq.edu.au/unit_offerings/174470/unit_guide,2026-10-07
9,COMP8240,Applications of Data Science,Computing,ULO5,Demonstrate best practice in document preparation and management in research.,https://unitguides.mq.edu.au/unit_offerings/174470/unit_guide,2026-10-07
10,COMP6350,Database Systems,Computing,ULO1,Demonstrate understanding of the basic concepts that underlie modern database management systems.,https://unitguides.mq.edu.au/unit_offerings/174962/unit_guide,2026-10-07
11,COMP6350,Database Systems,Computing,ULO2,"Design and develop small, functional database applications using modern database design methods.",https://unitguides.mq.edu.au/unit_offerings/174962/unit_guide,2026-10-07
12,COMP6350,Database Systems,Computing,ULO3,Develop skills in using a industrial-strength database tools and interactive development environments for building databases.,https://unitguides.mq.edu.au/unit_offerings/174962/unit_guide,2026-10-07
13,COMP6350,Database Systems,Computing,ULO4,Complete different database programming tasks to specification using SQL,https://unitguides.mq.edu.au/unit_offerings/174962/unit_guide,2026-10-07
14,STAT6191,Statistical Inference for Data Science,Mathematics & Statistics,ULO1,Explain and use Probability Theory relevant to Statistical Inference.,https://unitguides.mq.edu.au/unit_offerings/176625/unit_guide,2026-10-07
15,STAT6191,Statistical Inference for Data Science,Mathematics & Statistics,ULO2,Demonstrate knowledge of the fundamental principles of inference.,https://unitguides.mq.edu.au/unit_offerings/176625/unit_guide,2026-10-07
16,STAT6191,Statistical Inference for Data Science,Mathematics & Statistics,ULO3,"Estimate key population parameters of interest, test hypotheses about them and construct confidence regions.",https://unitguides.mq.edu.au/unit_offerings/176625/unit_guide,2026-10-07
17,STAT6191,Statistical Inference for Data Science,Mathematics & Statistics,ULO4,Evaluate and use likelihood-based inference methods.,https://unitguides.mq.edu.au/unit_offerings/176625/unit_guide,2026-10-07
18,STAT6191,Statistical Inference for Data Science,Mathematics & Statistics,ULO5,Evaluate and use elementary Bayesian inference methods.,https://unitguides.mq.edu.au/unit_offerings/176625/unit_guide,2026-10-07
19,STAT6191,Statistical Inference for Data Science,Mathematics & Statistics,ULO6,Analyse data using computing packages which implement the most common Inference procedures.,https://unitguides.mq.edu.au/unit_offerings/176625/unit_guide,2026-10-07
20,COMJ1000,Introduction to Computer Programming,Computing,ULO1,apply problem solving skills to develop algorithms that solve small to medium-sized computational problems,https://unitguides.mq.edu.au/unit_offerings/179520/unit_guide,2026-10-07
21,COMJ1000,Introduction to Computer Programming,Computing,ULO2,design and write code to implement a program description in a high-level programming language,https://unitguides.mq.edu.au/unit_offerings/179520/unit_guide,2026-10-07
22,COMJ1000,Introduction to Computer Programming,Computing,ULO3,"use standard software engineering practices and tools to document, debug, test and manage their programs",https://unitguides.mq.edu.au/unit_offerings/179520/unit_guide,2026-10-07
23,COMJ1000,Introduction to Computer Programming,Computing,ULO4,"understand and apply appropriately the taught concepts such as variables, loops, functions, conditionals and compound data in the implementation of well-designed programs",https://unitguides.mq.edu.au/unit_offerings/179520/unit_guide,2026-10-07
24,COMJ1000,Introduction to Computer Programming,Computing,ULO5,"identify and describe ethical issues to academic and professional practice, and demonstrate active engagement in the learning process",https://unitguides.mq.edu.au/unit_offerings/179520/unit_guide,2026-10-07
30,COMP1010,Fundamentals of Computer Science,Computing,ULO1,apply enhanced problem solving skills to develop algorithms,https://unitguides.mq.edu.au/unit_offerings/175380/unit_guide,2026-10-07
31,COMP1010,Fundamentals of Computer Science,Computing,ULO2,"implement programs from algorithms, showing an understanding of control flow",https://unitguides.mq.edu.au/unit_offerings/175380/unit_guide,2026-10-07
32,COMP1010,Fundamentals of Computer Science,Computing,ULO3,"adhere to standard software engineering practices, including documentation, unit testing and debugging",https://unitguides.mq.edu.au/unit_offerings/175380/unit_guide,2026-10-07
33,COMP1010,Fundamentals of Computer Science,Computing,ULO4,compare different methods available for the same problem in terms of efficiency and other criteria,https://unitguides.mq.edu.au/unit_offerings/175380/unit_guide,2026-10-07
34,COMP1010,Fundamentals of Computer Science,Computing,ULO5,demonstrate foundational learning skills including active engagement in their learning process,https://unitguides.mq.edu.au/unit_offerings/175380/unit_guide,2026-10-07
35,COMP1050,Introduction to the Study of Software Engineering,Computing,ULO1,"Work with version control, configuration management, unit/regression testing, issue tracking, and debugging tools.",https://unitguides.mq.edu.au/unit_offerings/176850/unit_guide,2026-10-07
36,COMP1050,Introduction to the Study of Software Engineering,Computing,ULO2,Create a project plan.,https://unitguides.mq.edu.au/unit_offerings/176850/unit_guide,2026-10-07
37,COMP1050,Introduction to the Study of Software Engineering,Computing,ULO3,Create and analyse design models.,https://unitguides.mq.edu.au/unit_offerings/176850/unit_guide,2026-10-07
39,COMP1050,Introduction to the Study of Software Engineering,Computing,ULO5,Demonstrate an understanding of software engineering culture and form camaraderie.,https://unitguides.mq.edu.au/unit_offerings/176850/unit_guide,2026-10-07
40,COMP1151,Introduction to Game Development,Computing,ULO1,Demonstrate disciplinary knowledge of game design and development theories and practices.,https://unitguides.mq.edu.au/unit_offerings/175388/unit_guide,2026-10-07
41,COMP1151,Introduction to Game Development,Computing,ULO2,Communicate game design and development decisions in appropriate formats.,https://unitguides.mq.edu.au/unit_offerings/175388/unit_guide,2026-10-07
42,COMP1151,Introduction to Game Development,Computing,ULO3,Apply game design theory to analyse existing games.,https://unitguides.mq.edu.au/unit_offerings/175388/unit_guide,2026-10-07
43,COMP1151,Introduction to Game Development,Computing,ULO4,Apply game design principles and processes in the production of a simple game.,https://unitguides.mq.edu.au/unit_offerings/175388/unit_guide,2026-10-07
44,COMP1151,Introduction to Game Development,Computing,ULO5,Prototype a simple game within a game engine.,https://unitguides.mq.edu.au/unit_offerings/175388/unit_guide,2026-10-07
45,COMP1151,Introduction to Game Development,Computing,ULO6,Evaluate your work through self-reflection,https://unitguides.mq.edu.au/unit_offerings/175388/unit_guide,2026-10-07
46,COMP1170,3D Modelling and Animation,Computing,ULO1,"Design, construct and animate 3D models with appropriate topology and rigging using a 3D modelling tool.",https://unitguides.mq.edu.au/unit_offerings/174959/unit_guide,2026-10-07
47,COMP1170,3D Modelling and Animation,Computing,ULO2,Apply technical and artistic theory to implementing camera and lighting in the creation of simple scenes to achieve visual effects.,https://unitguides.mq.edu.au/unit_offerings/174959/unit_guide,2026-10-07
48,COMP1170,3D Modelling and Animation,Computing,ULO3,"Create simple materials and shaders that demonstrate an understanding of the fundamental building blocks of computer graphics, including textures, UVs and normals.",https://unitguides.mq.edu.au/unit_offerings/174959/unit_guide,2026-10-07
49,COMP1170,3D Modelling and Animation,Computing,ULO4,Import and transform 3D models and animations from a modelling tool into a 3D game engine.,https://unitguides.mq.edu.au/unit_offerings/174959/unit_guide,2026-10-07
50,COMP1170,3D Modelling and Animation,Computing,ULO5,Identify and explain the use of technical art techniques implemented in a 3D scene.,https://unitguides.mq.edu.au/unit_offerings/174959/unit_guide,2026-10-07
51,COMP1300,Introduction to Cyber Security,Computing,ULO1,"Demonstrate an understanding of technical concepts related to information security, computing, networking, and emerging technologies.",https://unitguides.mq.edu.au/unit_offerings/176844/unit_guide,2026-10-07
52,COMP1300,Introduction to Cyber Security,Computing,ULO2,Apply cyber hygiene principles to achieve personal security in the digital world.,https://unitguides.mq.edu.au/unit_offerings/176844/unit_guide,2026-10-07
53,COMP1300,Introduction to Cyber Security,Computing,ULO3,"Report on cyber criminality (in terms of activities, perpetrators and their motives) as well as its impact on society.",https://unitguides.mq.edu.au/unit_offerings/176844/unit_guide,2026-10-07
54,COMP1300,Introduction to Cyber Security,Computing,ULO4,Critically evaluate the relation between cyber security and privacy in the context of a legal and regulatory framework.,https://unitguides.mq.edu.au/unit_offerings/176844/unit_guide,2026-10-07
55,COMP1300,Introduction to Cyber Security,Computing,ULO5,Identify cybersecurity risks faced by business and relate the management of those risks to the enterprise governance.,https://unitguides.mq.edu.au/unit_offerings/176844/unit_guide,2026-10-07
56,ASTR2020,Introductory Astronomy,Mathematics & Statistics,ULO1,"describe, discuss and connect key topics of modern Astronomy and Astrophysics. They will be able to understand the relationship between advances in research in these areas and the underlying tools and techniques.",https://unitguides.mq.edu.au/unit_offerings/177984/unit_guide,2026-10-07
57,ASTR2020,Introductory Astronomy,Mathematics & Statistics,ULO2,demonstrate an understanding of a range of instrumentation topics and how they are connect to astronomical discoveries.,https://unitguides.mq.edu.au/unit_offerings/177984/unit_guide,2026-10-07
58,ASTR2020,Introductory Astronomy,Mathematics & Statistics,ULO3,Apply python computer programming to solve laboratory problems,https://unitguides.mq.edu.au/unit_offerings/177984/unit_guide,2026-10-07
59,ASTR2020,Introductory Astronomy,Mathematics & Statistics,ULO4,Critically discuss astronomical topics in small teams to come up with effective solutions to problems.,https://unitguides.mq.edu.au/unit_offerings/177984/unit_guide,2026-10-07
60,ASTR3010,Astrophysics of Radiation and Stars,Mathematics & Statistics,ULO1,discuss principles and difficulties of observational methods that allow us to interpret the physical characteristics of an astronomical object based on the light we receive from it.,https://unitguides.mq.edu.au/unit_offerings/179209/unit_guide,2026-10-07
61,ASTR3010,Astrophysics of Radiation and Stars,Mathematics & Statistics,ULO2,demonstrate knowledge of the way radiation interacts with matter in different astrophysical environments through solving radiative transfer problems.,https://unitguides.mq.edu.au/unit_offerings/179209/unit_guide,2026-10-07
62,ASTR3010,Astrophysics of Radiation and Stars,Mathematics & Statistics,ULO3,"describe the internal structure of our Sun and stars other than the Sun, and explain the key observational properties of different types of stars.",https://unitguides.mq.edu.au/unit_offerings/179209/unit_guide,2026-10-07
63,ASTR3010,Astrophysics of Radiation and Stars,Mathematics & Statistics,ULO4,apply the equations of stellar structure and the simplifications that lead to polytropic stellar models.,https://unitguides.mq.edu.au/unit_offerings/179209/unit_guide,2026-10-07
64,ASTR3010,Astrophysics of Radiation and Stars,Mathematics & Statistics,ULO5,"explain the processes and physics involved in stellar evolution, including the processes that bring about stellar death.",https://unitguides.mq.edu.au/unit_offerings/179209/unit_guide,2026-10-07
65,ASTR3010,Astrophysics of Radiation and Stars,Mathematics & Statistics,ULO6,apply computational techniques to model physical phenomena in different astrophysical environments using the Unix environment and elements of the python computing language.,https://unitguides.mq.edu.au/unit_offerings/179209/unit_guide,2026-10-07
66,ASTR3010,Astrophysics of Radiation and Stars,Mathematics & Statistics,ULO7,"design, conduct, analyse and report on observational experiments related to measuring the radiation from stars, galaxies and other astronomical objects in order to determine their properties.",https://unitguides.mq.edu.au/unit_offerings/179209/unit_guide,2026-10-07
67,ASTR3020,Extragalactic Astronomy and Cosmology,Mathematics & Statistics,ULO1,"Demonstrate knowledge of quantitative and qualitative galaxy morphology from a variety of observational evidence, and relate this to theories of galaxy formation and evolution.",https://unitguides.mq.edu.au/unit_offerings/175003/unit_guide,2026-10-07
68,ASTR3020,Extragalactic Astronomy and Cosmology,Mathematics & Statistics,ULO2,"Explain the principal properties of stellar populations, including their evolution with time and metallicity, and how their properties are modelled.",https://unitguides.mq.edu.au/unit_offerings/175003/unit_guide,2026-10-07
69,ASTR3020,Extragalactic Astronomy and Cosmology,Mathematics & Statistics,ULO3,"Calculate the dynamical properties of stellar systems based on analytic gravitational potentials, and use these to make inferences about galaxies.",https://unitguides.mq.edu.au/unit_offerings/175003/unit_guide,2026-10-07
70,ASTR3020,Extragalactic Astronomy and Cosmology,Mathematics & Statistics,ULO4,"Explain the basic qualitative principles of, and observational evidence for, current cosmological models.",https://unitguides.mq.edu.au/unit_offerings/175003/unit_guide,2026-10-07
71,ASTR3020,Extragalactic Astronomy and Cosmology,Mathematics & Statistics,ULO5,"Apply metrics in the context of cosmological models, and understand how observations constrain different components of these models.",https://unitguides.mq.edu.au/unit_offerings/175003/unit_guide,2026-10-07
72,ASTR3020,Extragalactic Astronomy and Cosmology,Mathematics & Statistics,ULO6,"Demonstrate knowledge of current galaxy formation and evolutionary theories, and the techniques used to simulate these.",https://unitguides.mq.edu.au/unit_offerings/175003/unit_guide,2026-10-07
73,ASTR3110,Data Science Techniques in Astrophysics,Mathematics & Statistics,ULO1,demonstrate knowledge of the detailed structure and formation history of the Milky Way galaxy.,https://unitguides.mq.edu.au/unit_offerings/177820/unit_guide,2026-10-07
74,ASTR3110,Data Science Techniques in Astrophysics,Mathematics & Statistics,ULO2,compare theoretical models to real data and quantify significance and likelihood.,https://unitguides.mq.edu.au/unit_offerings/177820/unit_guide,2026-10-07
75,ASTR3110,Data Science Techniques in Astrophysics,Mathematics & Statistics,ULO3,design and write python code to apply statistical techniques to analysing and interpreting astronomical data sets.,https://unitguides.mq.edu.au/unit_offerings/177820/unit_guide,2026-10-07
76,ASTR3110,Data Science Techniques in Astrophysics,Mathematics & Statistics,ULO4,"visualise data, identify biases and describe key properties.",https://unitguides.mq.edu.au/unit_offerings/177820/unit_guide,2026-10-07
77,ASTR3110,Data Science Techniques in Astrophysics,Mathematics & Statistics,ULO5,"apply machine learning techniques to identify structure and patterns in data, and interpret their significance.",https://unitguides.mq.edu.au/unit_offerings/177820/unit_guide,2026-10-07
78,ASTR7907,Advanced Astrophysics,Mathematics & Statistics,ULO1,discuss stellar pulsations and role this plays in stellar evolution and mass loss.,https://unitguides.mq.edu.au/unit_offerings/175004/unit_guide,2026-10-07
79,ASTR7907,Advanced Astrophysics,Mathematics & Statistics,ULO2,explain the synthesis of elements in stars and their observed chemical abundances.,https://unitguides.mq.edu.au/unit_offerings/175004/unit_guide,2026-10-07
80,ASTR7907,Advanced Astrophysics,Mathematics & Statistics,ULO3,"demonstrate an understanding of the dynamics of gas flows in Astrophysical environments, including magnetic fields, shocks and viscosity.",https://unitguides.mq.edu.au/unit_offerings/175004/unit_guide,2026-10-07
81,ASTR7907,Advanced Astrophysics,Mathematics & Statistics,ULO4,"solve problems in real-time during SGTA and workshops, and demonstrate solutions to peers",https://unitguides.mq.edu.au/unit_offerings/175004/unit_guide,2026-10-07
82,ASTR7907,Advanced Astrophysics,Mathematics & Statistics,ULO5,communicate complex physical concepts in writing and orally.,https://unitguides.mq.edu.au/unit_offerings/175004/unit_guide,2026-10-07
83,ASTR7907,Advanced Astrophysics,Mathematics & Statistics,ULO6,use numerical codes to solve astrophysical problems.,https://unitguides.mq.edu.au/unit_offerings/175004/unit_guide,2026-10-07
84,ASTR7913,Contemporary Research Techniques in Astrophysics,Mathematics & Statistics,ULO1,demonstrate the skills required to undertake research across a broad range of topics in astrophysics.,https://unitguides.mq.edu.au/unit_offerings/175005/unit_guide,2026-10-07
85,ASTR7913,Contemporary Research Techniques in Astrophysics,Mathematics & Statistics,ULO2,apply advanced knowledge of fundamental analysis techniques used in astronomy research.,https://unitguides.mq.edu.au/unit_offerings/175005/unit_guide,2026-10-07
86,ASTR7913,Contemporary Research Techniques in Astrophysics,Mathematics & Statistics,ULO3,critically evaluate scientific outcomes in light of applied analysis techniques.,https://unitguides.mq.edu.au/unit_offerings/175005/unit_guide,2026-10-07
87,ASTR7913,Contemporary Research Techniques in Astrophysics,Mathematics & Statistics,ULO4,effectively communicate the results of astronomical research in written and oral form.,https://unitguides.mq.edu.au/unit_offerings/175005/unit_guide,2026-10-07
88,ASTR7913,Contemporary Research Techniques in Astrophysics,Mathematics & Statistics,ULO5,independently solve complex computational and technical problems related to astronomy research projects.,https://unitguides.mq.edu.au/unit_offerings/175005/unit_guide,2026-10-07
89,MATH1000,Introduction to Mathematical Modelling,Mathematics & Statistics,ULO1,"Perform calculations, including rates of changes and integrals, of elementary functions used in science and economics (including linear, polynomial, exponential, logarithmic, and trigonometric) and interpret results of these calculations.",https://unitguides.mq.edu.au/unit_offerings/176944/unit_guide,2026-10-07
90,MATH1000,Introduction to Mathematical Modelling,Mathematics & Statistics,ULO2,"Communicate mathematical concepts, pertaining to foundation level science topics, in a variety of forms including graphically, numerically, in writing and by using equations.",https://unitguides.mq.edu.au/unit_offerings/176944/unit_guide,2026-10-07
91,MATH1000,Introduction to Mathematical Modelling,Mathematics & Statistics,ULO3,Apply mathematical reasoning to simple problem solving in the context of elementary algebra and calculus.,https://unitguides.mq.edu.au/unit_offerings/176944/unit_guide,2026-10-07
92,MATH1000,Introduction to Mathematical Modelling,Mathematics & Statistics,ULO4,Test mathematical conjectures involving elementary functions.,https://unitguides.mq.edu.au/unit_offerings/176944/unit_guide,2026-10-07
93,MATH1000,Introduction to Mathematical Modelling,Mathematics & Statistics,ULO5,Demonstrate foundational learning skills including active engagement in the learning process.,https://unitguides.mq.edu.au/unit_offerings/176944/unit_guide,2026-10-07
94,MATH1000,Introduction to Mathematical Modelling,Mathematics & Statistics,ULO6,"Create, communicate and interpret the content of mathematical models relevant to foundation level science topics.",https://unitguides.mq.edu.au/unit_offerings/176944/unit_guide,2026-10-07
95,GMBA8024,Know Your Customers,Business,ULO1,Analyse the concept of customer value and its importance to an organisation.,https://unitguides.mq.edu.au/unit_offerings/175903/unit_guide,2026-10-07
96,GMBA8024,Know Your Customers,Business,ULO2,"Explore the types of customer data that are collected, both by traditional and digital methods.",https://unitguides.mq.edu.au/unit_offerings/175903/unit_guide,2026-10-07
97,GMBA8024,Know Your Customers,Business,ULO3,Examine the tools used and determine what works best to solve which problem.,https://unitguides.mq.edu.au/unit_offerings/175903/unit_guide,2026-10-07
98,GMBA8024,Know Your Customers,Business,ULO4,Use customer data to both understand the current situation and develop and drive strategy.,https://unitguides.mq.edu.au/unit_offerings/175903/unit_guide,2026-10-07
99,GMBA8024,Know Your Customers,Business,ULO5,Critically assess various digital and social marketing and their role in creating and measuring value.,https://unitguides.mq.edu.au/unit_offerings/175903/unit_guide,2026-10-07
100,GMBA8031,Communicate with Impact,Business,ULO1,Critically evaluate a range of theories to decode the components of persuasive communications,https://unitguides.mq.edu.au/unit_offerings/175891/unit_guide,2026-10-07
101,GMBA8031,Communicate with Impact,Business,ULO2,"Apply a range of different strategies in a variety of context to build rapport, overcome resistance, and find acceptance, individually and/or in collaboration with peers.",https://unitguides.mq.edu.au/unit_offerings/175891/unit_guide,2026-10-07
102,GMBA8031,Communicate with Impact,Business,ULO3,Develop skills to interpret the motivation of the audience and influence the way they think and feel to support your ideas,https://unitguides.mq.edu.au/unit_offerings/175891/unit_guide,2026-10-07
103,MKTG1001,Marketing and Value Creation,Business,ULO1,"Understand fundamentals of marketing, concepts, frameworks and theories.",https://unitguides.mq.edu.au/unit_offerings/177128/unit_guide,2026-10-07
104,MKTG1001,Marketing and Value Creation,Business,ULO2,"Apply marketing concepts, frameworks and theories to a range of real world scenarios.",https://unitguides.mq.edu.au/unit_offerings/177128/unit_guide,2026-10-07
105,MKTG1001,Marketing and Value Creation,Business,ULO3,"Use a variety of tools to understand the customer, and create value through marketing efforts.",https://unitguides.mq.edu.au/unit_offerings/177128/unit_guide,2026-10-07
106,MKTG1001,Marketing and Value Creation,Business,ULO4,Communicate marketing solutions to a range of scenarios in a collaborative environment.,https://unitguides.mq.edu.au/unit_offerings/177128/unit_guide,2026-10-07
107,MKTG1003,Consumer Behaviour,Business,ULO1,Identify and articulate a range of external and internal influences on consumer behaviour.,https://unitguides.mq.edu.au/unit_offerings/175322/unit_guide,2026-10-07
108,MKTG1003,Consumer Behaviour,Business,ULO2,Critically analyse and apply consumer behaviour theory to real-world consumption experiences.,https://unitguides.mq.edu.au/unit_offerings/175322/unit_guide,2026-10-07
109,MKTG1003,Consumer Behaviour,Business,ULO3,Apply consumer behaviour theory to develop solutions to consumption decisions acknowledging ethical implications for society.,https://unitguides.mq.edu.au/unit_offerings/175322/unit_guide,2026-10-07
110,MKTG2002,Marketing Research,Business,ULO1,"Evaluate marketing research principles, techniques, and tools",https://unitguides.mq.edu.au/unit_offerings/177143/unit_guide,2026-10-07
111,MKTG2002,Marketing Research,Business,ULO2,"Design and apply qualitative and quantitative research to explore real-world market issues and opportunities, individually and/or in collaboration",https://unitguides.mq.edu.au/unit_offerings/177143/unit_guide,2026-10-07
112,MKTG2002,Marketing Research,Business,ULO3,Apply market research knowledge and skills to interpret research results and communicate results and recommendations in a professional manner,https://unitguides.mq.edu.au/unit_offerings/177143/unit_guide,2026-10-07
113,MKTG2004,Integrated Marketing Communications,Business,ULO1,"Identify and define key terms, concepts, frameworks and models of marketing communications.",https://unitguides.mq.edu.au/unit_offerings/177154/unit_guide,2026-10-07
114,MKTG2004,Integrated Marketing Communications,Business,ULO2,"Employ critical thinking techniques to solve marketing communications problems, individually and/or in collaboration",https://unitguides.mq.edu.au/unit_offerings/177154/unit_guide,2026-10-07
115,MKTG2004,Integrated Marketing Communications,Business,ULO3,Develop an effective integrated marketing communications plan and professionally communicate it to the appropriate audience.,https://unitguides.mq.edu.au/unit_offerings/177154/unit_guide,2026-10-07
116,MKTG2006,Marketing Technologies,Business,ULO1,Identify and explain the role of technology and data in enhancing marketing strategies.,https://unitguides.mq.edu.au/unit_offerings/177122/unit_guide,2026-10-07
117,MKTG2006,Marketing Technologies,Business,ULO2,Analyse and interpret marketing practices to generate actionable insights through the use of marketing technology tools.,https://unitguides.mq.edu.au/unit_offerings/177122/unit_guide,2026-10-07
118,MKTG2006,Marketing Technologies,Business,ULO3,Critically evaluate the capacity of data and technology to foster sustainable marketing practices.,https://unitguides.mq.edu.au/unit_offerings/177122/unit_guide,2026-10-07
119,ACCG1000,Accounting for Decision Making,Business,ULO1,Examine the role of Accounting in a contemporary social context with a focus on business ethics and responsible management so as to develop skills in resolving conflict and ethical dilemma.,https://unitguides.mq.edu.au/unit_offerings/177464/unit_guide,2026-10-07
120,ACCG1000,Accounting for Decision Making,Business,ULO2,Describe the business environment of the accounting profession.,https://unitguides.mq.edu.au/unit_offerings/177464/unit_guide,2026-10-07
121,ACCG1000,Accounting for Decision Making,Business,ULO3,Develop competences in key technical aspects in accounting practice and be able to process and interpret basic accounting information.,https://unitguides.mq.edu.au/unit_offerings/177464/unit_guide,2026-10-07
122,ACCG1000,Accounting for Decision Making,Business,ULO4,Evaluate the traditional aspects of accounting for business decision-making.,https://unitguides.mq.edu.au/unit_offerings/177464/unit_guide,2026-10-07
123,ACCG1001,Accounting and Governance,Business,ULO1,"Identify and describe the role of accounting in organisational governance and stewardship, and in discharging accountability to stakeholders.",https://unitguides.mq.edu.au/unit_offerings/174112/unit_guide,2026-10-07
124,ACCG1001,Accounting and Governance,Business,ULO2,Apply skills in processing accounting information and explain classifications and/or treatments to essential accounting processes and the use of accounting software.,https://unitguides.mq.edu.au/unit_offerings/174112/unit_guide,2026-10-07
125,ACCG1001,Accounting and Governance,Business,ULO3,Analyse financial statements and integrate knowledge and skills to solve business problems including working capital.,https://unitguides.mq.edu.au/unit_offerings/174112/unit_guide,2026-10-07
126,ACCG1001,Accounting and Governance,Business,ULO4,Explain the regulatory accounting environment and its impact for the accounting profession.,https://unitguides.mq.edu.au/unit_offerings/174112/unit_guide,2026-10-07
127,ACCG1001,Accounting and Governance,Business,ULO5,"Prepare financial statements, and provide advice on routine accounting issues from appropriate regulatory and/or governance perspectives.",https://unitguides.mq.edu.au/unit_offerings/174112/unit_guide,2026-10-07
128,ACCG2000,Cost Analysis and Managerial Decision Making,Business,ULO1,"Distinguish between management and financial accounting and assess business operations using various product costing, budgeting and decision-making techniques",https://unitguides.mq.edu.au/unit_offerings/177471/unit_guide,2026-10-07
129,ACCG2000,Cost Analysis and Managerial Decision Making,Business,ULO2,Discuss and analyse management accounting issues and information.,https://unitguides.mq.edu.au/unit_offerings/177471/unit_guide,2026-10-07
130,ACCG2000,Cost Analysis and Managerial Decision Making,Business,ULO3,"Use Microsoft Excel for fundamental managerial accounting planning, control and evaluation tasks.",https://unitguides.mq.edu.au/unit_offerings/177471/unit_guide,2026-10-07
131,ACCG2000,Cost Analysis and Managerial Decision Making,Business,ULO4,Apply appropriate management accounting concepts and techniques to formulate informed solutions to business problems.,https://unitguides.mq.edu.au/unit_offerings/177471/unit_guide,2026-10-07
132,ACCG2002,Finance and Regulation for New Ventures,Business,ULO1,Identify key aspects of the commercial legal environment and the Australian corporate legislative framework and distinguish the legal characteristics of differing business organisations.,https://unitguides.mq.edu.au/unit_offerings/177465/unit_guide,2026-10-07
133,ACCG2002,Finance and Regulation for New Ventures,Business,ULO2,"Recognise features of corporate functionality and management issues, including the role and obligations of directors and insolvency regulation.",https://unitguides.mq.edu.au/unit_offerings/177465/unit_guide,2026-10-07
134,ACCG2002,Finance and Regulation for New Ventures,Business,ULO3,"Apply investment and financing concepts to business decisions and critically evaluate financial viability including an exploration of financial models, forecasting capital expenditures, working capital needs and financing events.",https://unitguides.mq.edu.au/unit_offerings/177465/unit_guide,2026-10-07
135,ACCG2002,Finance and Regulation for New Ventures,Business,ULO4,Analyse sources of funding and financing needs.,https://unitguides.mq.edu.au/unit_offerings/177465/unit_guide,2026-10-07
136,ACCG2024,Financial Accounting and Reporting Analysis,Business,ULO1,Explain the regulatory environment for financial reporting including the conceptual framework by employing appropriate theories underlying accounting practice.,https://unitguides.mq.edu.au/unit_offerings/177478/unit_guide,2026-10-07
137,ACCG2024,Financial Accounting and Reporting Analysis,Business,ULO2,"Apply the rules of International Financial Reporting Standards (IFRS) and its Australian equivalents Australian Accounting Standards Board (AASB) to selected financial transactions and events, and prepare a complete set of financial statements based on both accrual and cash accounting.",https://unitguides.mq.edu.au/unit_offerings/177478/unit_guide,2026-10-07
138,ACCG2024,Financial Accounting and Reporting Analysis,Business,ULO3,"Describe sustainable development practices, commonly used guidelines for Integrated Reporting and extended external reporting using XBRL.",https://unitguides.mq.edu.au/unit_offerings/177478/unit_guide,2026-10-07
139,ACCG2024,Financial Accounting and Reporting Analysis,Business,ULO4,Apply appropriate accounting treatments of company accounting in relation to equity and debt financing.,https://unitguides.mq.edu.au/unit_offerings/177478/unit_guide,2026-10-07
140,ACCG2024,Financial Accounting and Reporting Analysis,Business,ULO5,Research and professionally communicate appropriate accounting treatment and recommendations through written assignments and presentations.,https://unitguides.mq.edu.au/unit_offerings/177478/unit_guide,2026-10-07
141,ACCG2050,Information Systems and Data Analytics for Accountants,Business,ULO1,Evaluate the role of Information Systems and Accounting Information Systems in supporting the business processes of an organisation,https://unitguides.mq.edu.au/unit_offerings/177485/unit_guide,2026-10-07
142,ACCG2050,Information Systems and Data Analytics for Accountants,Business,ULO2,Discuss the importance and benefits of systems development methodologies and evaluate the role of ethics and ethical decision making within the Accounting Information System context.,https://unitguides.mq.edu.au/unit_offerings/177485/unit_guide,2026-10-07
143,ACCG2050,Information Systems and Data Analytics for Accountants,Business,ULO3,Analyse risks and develop control plans pertinent to primary business activities.,https://unitguides.mq.edu.au/unit_offerings/177485/unit_guide,2026-10-07
144,ACCG2050,Information Systems and Data Analytics for Accountants,Business,ULO4,Demonstrate effective communication and interaction skills through the delivery of oral presentations and engagement in group discussions,https://unitguides.mq.edu.au/unit_offerings/177485/unit_guide,2026-10-07
145,ACCG2051,"Governance, Business and Corporations Law",Business,ULO1,Identify the features of the Australian legal system including the law of contract and distinguish business organisations based on their legal characteristics.,https://unitguides.mq.edu.au/unit_offerings/177494/unit_guide,2026-10-07
146,ACCG2051,"Governance, Business and Corporations Law",Business,ULO2,"Explain how companies are formed, differentiate between types of companies, and analyse and evaluate the role and obligations of directors.",https://unitguides.mq.edu.au/unit_offerings/177494/unit_guide,2026-10-07
147,ACCG2051,"Governance, Business and Corporations Law",Business,ULO3,Examine how shareholders rights are protected and how the Corporations Act regulates acquisition and disposal of shares.,https://unitguides.mq.edu.au/unit_offerings/177494/unit_guide,2026-10-07
148,ACCG2051,"Governance, Business and Corporations Law",Business,ULO4,"Analyse insolvency mechanisms and issues, and critically assess corporate insolvency in the current regulatory environment.",https://unitguides.mq.edu.au/unit_offerings/177494/unit_guide,2026-10-07
149,ACCG2051,"Governance, Business and Corporations Law",Business,ULO5,Apply data protection and privacy regulations when using or sharing data and information in the business environment.,https://unitguides.mq.edu.au/unit_offerings/177494/unit_guide,2026-10-07
150,MEDI1400,"Foundations of Learning,  Communication and Teamwork",Medicine & Health,ULO1,Develop learning techniques to effectively manage academic tasks and address learning challenges specific to the clinical sciences discipline. (Scientist and Scholar),https://unitguides.mq.edu.au/unit_offerings/176968/unit_guide,2026-10-07
151,MEDI1400,"Foundations of Learning,  Communication and Teamwork",Medicine & Health,ULO2,Clearly and professionally convey information using various communication techniques appropriate to both an individual and group setting. (Practitioner),https://unitguides.mq.edu.au/unit_offerings/176968/unit_guide,2026-10-07
152,MEDI1400,"Foundations of Learning,  Communication and Teamwork",Medicine & Health,ULO3,Adapt communication and teamwork strategies to effectively engage with individuals from diverse cultural backgrounds. (Citizen),https://unitguides.mq.edu.au/unit_offerings/176968/unit_guide,2026-10-07
153,MEDI1400,"Foundations of Learning,  Communication and Teamwork",Medicine & Health,ULO4,"Use reflective practice to assess own personal performance, explore career aspirations, and identify areas for development. (Professional)",https://unitguides.mq.edu.au/unit_offerings/176968/unit_guide,2026-10-07
154,MEDI2004,Pharmacology Fundamentals,Medicine & Health,ULO1,Apply core pharmacological concepts related to pharmacokinetics and pharmacodynamics to explain drug behaviour and effects in the human body. (Scientist and Scholar),https://unitguides.mq.edu.au/unit_offerings/176979/unit_guide,2026-10-07
155,MEDI2004,Pharmacology Fundamentals,Medicine & Health,ULO2,Explain the mechanism of action and adverse effects of commonly used therapeutic agents and discuss how drug interactions and individual variability impact drug safety in clinical practice. (Practitioner),https://unitguides.mq.edu.au/unit_offerings/176979/unit_guide,2026-10-07
156,MEDI2004,Pharmacology Fundamentals,Medicine & Health,ULO3,"Describe the key stages of drug discovery, development and regulatory processes, and identify the challenges affecting equitable access to traditional and complementary medicine. (Citizen)",https://unitguides.mq.edu.au/unit_offerings/176979/unit_guide,2026-10-07
157,MEDI2004,Pharmacology Fundamentals,Medicine & Health,ULO4,"Communicate pharmacological concepts effectively in individual and team settings, using reflective practice to identify and address misconceptions and to evaluate digital tools and emerging technologies. (Professional)",https://unitguides.mq.edu.au/unit_offerings/176979/unit_guide,2026-10-07
158,MEDI2005,Human Health and Disease Processes,Medicine & Health,ULO1,"Apply medical terminology to describe pathological processes, including the body's systemic and local responses to tissue injury, infection and neoplastic transformation. (Capability 1: Scientist and Scholar)",https://unitguides.mq.edu.au/unit_offerings/176970/unit_guide,2026-10-07
159,MEDI2005,Human Health and Disease Processes,Medicine & Health,ULO2,"Explain the multifactorial nature of health and disease by integrating knowledge of host defence mechanisms, immune responses, and genetic and biological factors that contribute to disease. (Capability 2: Practitioner)",https://unitguides.mq.edu.au/unit_offerings/176970/unit_guide,2026-10-07
160,MEDI2005,Human Health and Disease Processes,Medicine & Health,ULO3,"Evaluate factors influencing disease development and transmission, and the role of medical microbiology and epidemiology in infection control and disease prevention. (Capability 3: Engaged Global Citizen)",https://unitguides.mq.edu.au/unit_offerings/176970/unit_guide,2026-10-07
161,MEDI2005,Human Health and Disease Processes,Medicine & Health,ULO4,Apply scientific knowledge and current research to interpret clinical scenarios and communicate key concepts in health and disease mechanisms. (Capability 4: Practitioner),https://unitguides.mq.edu.au/unit_offerings/176970/unit_guide,2026-10-07
162,MEDI2103,"Alimentary System, Nutrition and Metabolism",Medicine & Health,ULO1,"Describe the anatomical organisation of the alimentary system, its neurovasculature, and its supporting structures within the head, neck, and trunk. (Capability 1: Scientist and Scholar)",https://unitguides.mq.edu.au/unit_offerings/176972/unit_guide,2026-10-07
163,MEDI2103,"Alimentary System, Nutrition and Metabolism",Medicine & Health,ULO2,"Describe the physiological processes of the alimentary system, the function and metabolism of nutrients, and how these are regulated. (Capability 1: Scientist and Scholar)",https://unitguides.mq.edu.au/unit_offerings/176972/unit_guide,2026-10-07
164,MEDI2103,"Alimentary System, Nutrition and Metabolism",Medicine & Health,ULO3,"Interpret case studies by integrating anatomical, physiological, and biochemical knowledge of the alimentary system with concepts of pathophysiology, supported by evaluation of scientific literature. (Capability 2: Practitioner)",https://unitguides.mq.edu.au/unit_offerings/176972/unit_guide,2026-10-07
165,MEDI2103,"Alimentary System, Nutrition and Metabolism",Medicine & Health,ULO4,Effectively communicate scientific concepts related to alimentary health and disease and reflect on how scientific knowledge informs clinical practice. (Capability 4: Professional),https://unitguides.mq.edu.au/unit_offerings/176972/unit_guide,2026-10-07
166,MEDI2200,Human Cell and Molecular Biology,Medicine & Health,ULO1,Describe the major structural features of biological cells at the biochemical and molecular levels.,https://unitguides.mq.edu.au/unit_offerings/176980/unit_guide,2026-10-07
167,MEDI2200,Human Cell and Molecular Biology,Medicine & Health,ULO2,Discuss the functions of the major structural features of human cells and how interaction and communication between these structures contributes to cellular activity.,https://unitguides.mq.edu.au/unit_offerings/176980/unit_guide,2026-10-07
168,MEDI2200,Human Cell and Molecular Biology,Medicine & Health,ULO3,"Examine the molecular processes involved in cell division, DNA replication, transcription, and translation.",https://unitguides.mq.edu.au/unit_offerings/176980/unit_guide,2026-10-07
169,MEDI2200,Human Cell and Molecular Biology,Medicine & Health,ULO4,Discuss the cellular mechanisms that contribute to the maintenance of genetic stability or to genetic variation.,https://unitguides.mq.edu.au/unit_offerings/176980/unit_guide,2026-10-07
170,MEDI2200,Human Cell and Molecular Biology,Medicine & Health,ULO5,Apply biochemical and genetic knowledge to analyse and communicate biological processes.,https://unitguides.mq.edu.au/unit_offerings/176980/unit_guide,2026-10-07
171,MEDI2300,Nervous System,Medicine & Health,ULO1,"Describe the organisation of the nervous system, including how communication occurs within the nervous system. (Capability 1: Scientist and Scholar)",https://unitguides.mq.edu.au/unit_offerings/176992/unit_guide,2026-10-07
172,MEDI2300,Nervous System,Medicine & Health,ULO2,"Identify the organisation and roles of key brain structures in regulating motor, sensory, homeostatic and cognitive functions. (Capability 1: Scientist and Scholar)",https://unitguides.mq.edu.au/unit_offerings/176992/unit_guide,2026-10-07
173,MEDI2300,Nervous System,Medicine & Health,ULO3,Communicate the mechanisms of action and interactions of specific drug classes that influence nervous system function. (Capability 2: Practitioner),https://unitguides.mq.edu.au/unit_offerings/176992/unit_guide,2026-10-07
174,MEDI2300,Nervous System,Medicine & Health,ULO4,"Evaluate how common pathological conditions affect neural control of movement, sensation, homeostatic function and/or learning and memory. (Capability 2: Practitioner)",https://unitguides.mq.edu.au/unit_offerings/176992/unit_guide,2026-10-07
175,MEDI3100,Clinical Anatomy and Medical Imaging,Medicine & Health,ULO1,Identify and analyse the clinically-relevant anatomy of the major body systems and the changes characterising common system disorders both in situ and in medical imaging. (Scientist and Scholar),https://unitguides.mq.edu.au/unit_offerings/176990/unit_guide,2026-10-07
176,MEDI3100,Clinical Anatomy and Medical Imaging,Medicine & Health,ULO2,Recognise and explain the major components of a basic functional assessment of the major body systems. (Scientist and Scholar),https://unitguides.mq.edu.au/unit_offerings/176990/unit_guide,2026-10-07
177,MEDI3100,Clinical Anatomy and Medical Imaging,Medicine & Health,ULO3,"Explain the principles of clinical imaging for plain film radiography, CT, MRI, sonography and SPECT, and the risk-benefit rationale underlying referral protocols. (Scientist and Scholar)",https://unitguides.mq.edu.au/unit_offerings/176990/unit_guide,2026-10-07
178,MEDI3100,Clinical Anatomy and Medical Imaging,Medicine & Health,ULO4,"Demonstrate effective interpersonal and professional communication skills, including the ability to clearly and accurately convey clinical anatomical concepts to both peers and non-specialist audiences, whether working independently or as part of a team. (Practitioner)",https://unitguides.mq.edu.au/unit_offerings/176990/unit_guide,2026-10-07
179,ESPS1000,Introduction to Exercise and Sport Science,Medicine & Health,ULO1,Identify and explain the fundamental principles of exercise and sports science sub-disciplines (Scientist and Scholar),https://unitguides.mq.edu.au/unit_offerings/175761/unit_guide,2026-10-07
180,ESPS1000,Introduction to Exercise and Sport Science,Medicine & Health,ULO2,Explain key terminology and foundational concepts as they apply to exercise and sports science (Exercise Science Practitioner),https://unitguides.mq.edu.au/unit_offerings/175761/unit_guide,2026-10-07
181,ESPS1000,Introduction to Exercise and Sport Science,Medicine & Health,ULO3,Discuss the mechanical principles to describe the motion of the human body (Exercise Science Practitioner),https://unitguides.mq.edu.au/unit_offerings/175761/unit_guide,2026-10-07
182,ESPS1000,Introduction to Exercise and Sport Science,Medicine & Health,ULO4,Analyse and interpret basic mechanical and physiological data relevant to an exercise scientist (Scientist and Scholar),https://unitguides.mq.edu.au/unit_offerings/175761/unit_guide,2026-10-07
183,ESPS1000,Introduction to Exercise and Sport Science,Medicine & Health,ULO5,"Communicate exercise and sports science knowledge and data clearly using written, verbal, and digital formats suitable for academic and professional settings. (Professional)",https://unitguides.mq.edu.au/unit_offerings/175761/unit_guide,2026-10-07
184,ESPS1001,Human Physiology for Exercise and Sport,Medicine & Health,ULO1,Describe the function and interaction of human physiological systems at rest. (Scientist & Scholar and Exercise Science Practitioner),https://unitguides.mq.edu.au/unit_offerings/175767/unit_guide,2026-10-07
185,ESPS1001,Human Physiology for Exercise and Sport,Medicine & Health,ULO2,Explain how different physiological systems interact and influence each other in the context of exercise. (Scientist & Scholar),https://unitguides.mq.edu.au/unit_offerings/175767/unit_guide,2026-10-07
186,ESPS1001,Human Physiology for Exercise and Sport,Medicine & Health,ULO3,"Describe how cells in the human body work together to send signals, control gene activity, move substances, respond to their environment, and communicate with each other. (Scientist & Scholar)",https://unitguides.mq.edu.au/unit_offerings/175767/unit_guide,2026-10-07
187,ESPS1001,Human Physiology for Exercise and Sport,Medicine & Health,ULO4,Measure and interpret physiological data obtained at rest and during exercise. (Scientist & Scholar and Exercise Science Practitioner),https://unitguides.mq.edu.au/unit_offerings/175767/unit_guide,2026-10-07
188,ESPS1002,Science and Practice of Strength and Conditioning,Medicine & Health,ULO1,Apply knowledge from functional anatomy to understand strength and conditioning principles (Exercise Science Practitioner),https://unitguides.mq.edu.au/unit_offerings/175763/unit_guide,2026-10-07
189,ESPS1002,Science and Practice of Strength and Conditioning,Medicine & Health,ULO2,Demonstrate proficiency in safely instructing a range of exercises typically used in resistance training (Exercise Science Practitioner),https://unitguides.mq.edu.au/unit_offerings/175763/unit_guide,2026-10-07
190,ESPS1002,Science and Practice of Strength and Conditioning,Medicine & Health,ULO3,"Design and identify resistance training programs tailored to the specific needs of an individual across the lifespan for a range of outcomes including general health, hypertrophy, strength, and power (Exercise Science Practitioner)",https://unitguides.mq.edu.au/unit_offerings/175763/unit_guide,2026-10-07
191,ESPS1002,Science and Practice of Strength and Conditioning,Medicine & Health,ULO4,Describe the scientific rationale for the selection of exercises and programming variables to achieve specific outcomes (Scientist and Scholar),https://unitguides.mq.edu.au/unit_offerings/175763/unit_guide,2026-10-07
192,ESPS1002,Science and Practice of Strength and Conditioning,Medicine & Health,ULO5,Identify and explain common contraindications for participation in strength and conditioning training (Scientist and Scholar),https://unitguides.mq.edu.au/unit_offerings/175763/unit_guide,2026-10-07
193,ESPS1003,Research and Data Analysis for Exercise Science,Medicine & Health,ULO1,Describe and identify the appropriateness of research design and methods in applied exercise and sports science scenarios (Scientist and Scholar / Professional),https://unitguides.mq.edu.au/unit_offerings/175746/unit_guide,2026-10-07
194,ESPS1003,Research and Data Analysis for Exercise Science,Medicine & Health,ULO2,Demonstrate the ability to locate and access peer-reviewed scientific literature using relevant search engines and databases (Exercise Science Practitioner),https://unitguides.mq.edu.au/unit_offerings/175746/unit_guide,2026-10-07
195,ESPS1003,Research and Data Analysis for Exercise Science,Medicine & Health,ULO3,Demonstrate competency in the use of appropriate reference styles (Scientist and Scholar),https://unitguides.mq.edu.au/unit_offerings/175746/unit_guide,2026-10-07
196,ESPS1003,Research and Data Analysis for Exercise Science,Medicine & Health,ULO4,Categorise and organise data sets of different types in preparation for statistical analysis (Scientist and Scholar),https://unitguides.mq.edu.au/unit_offerings/175746/unit_guide,2026-10-07
197,ESPS1003,Research and Data Analysis for Exercise Science,Medicine & Health,ULO5,Analyse qualitative and quantitative data using appropriate software packages (Scientist and Scholar),https://unitguides.mq.edu.au/unit_offerings/175746/unit_guide,2026-10-07
198,ESPS1003,Research and Data Analysis for Exercise Science,Medicine & Health,ULO6,"Interpret, present, and communicate data in written and/or oral formats (Exercise Science Practitioner)",https://unitguides.mq.edu.au/unit_offerings/175746/unit_guide,2026-10-07
199,ESPS1004,Foundation Anatomy and Physiology for Exercise and Sports Science,Medicine & Health,ULO1,"Adopt and appropriately utilise anatomical terminology: define the anatomical position, anatomical planes, sections and directional terms. (Scientist and Scholar)",https://unitguides.mq.edu.au/unit_offerings/175766/unit_guide,2026-10-07
200,ESPS1004,Foundation Anatomy and Physiology for Exercise and Sports Science,Medicine & Health,ULO2,Describe the key anatomical structures of the major systems of the human body that are relevant for an exercise scientist and explain their primary functions. (Scientist and Scholar),https://unitguides.mq.edu.au/unit_offerings/175766/unit_guide,2026-10-07
201,ESPS1004,Foundation Anatomy and Physiology for Exercise and Sports Science,Medicine & Health,ULO3,Describe the primary physiological functions of the broad range of human cells in a sport and exercise context. (Scientist and Scholar),https://unitguides.mq.edu.au/unit_offerings/175766/unit_guide,2026-10-07
202,ESPS1004,Foundation Anatomy and Physiology for Exercise and Sports Science,Medicine & Health,ULO4,Demonstrate skills required of an exercise scientist in identifying major surface anatomy landmarks of the musculoskeletal and vascular systems. (Exercise Science Practitioner),https://unitguides.mq.edu.au/unit_offerings/175766/unit_guide,2026-10-07
203,ESPS1005,Functional Anatomy for Exercise and Sports Science,Medicine & Health,ULO1,Apply anatomical knowledge to analyse clinical and functional presentations relating to musculoskeletal system. (Exercise Science Practitioner),https://unitguides.mq.edu.au/unit_offerings/175762/unit_guide,2026-10-07
204,ESPS1005,Functional Anatomy for Exercise and Sports Science,Medicine & Health,ULO2,Demonstrate skills in identifying and differentiating musculoskeletal and vascular structures through surface anatomy. (Exercise Science Practitioner),https://unitguides.mq.edu.au/unit_offerings/175762/unit_guide,2026-10-07
205,ESPS1005,Functional Anatomy for Exercise and Sports Science,Medicine & Health,ULO3,Explain joint complexes of the axial and appendicular skeleton and their independent and composite functions in posture and movement analysis in exercise. (Exercise Science Practitioner),https://unitguides.mq.edu.au/unit_offerings/175762/unit_guide,2026-10-07
206,ESPS1005,Functional Anatomy for Exercise and Sports Science,Medicine & Health,ULO4,"Utilise relevant anatomical and lay terms in communication with a range of stakeholders (e.g., clients, families, carers and other health or exercise professionals). (Professional)",https://unitguides.mq.edu.au/unit_offerings/175762/unit_guide,2026-10-07
207,ESPS1005,Functional Anatomy for Exercise and Sports Science,Medicine & Health,ULO5,Analyse movement and identify the roles of muscle/s in producing and controlling the movement of a joint. (Exercise Science Practitioner),https://unitguides.mq.edu.au/unit_offerings/175762/unit_guide,2026-10-07
208,ESPS2000,Behaviour Change for Health and Exercise,Medicine & Health,ULO1,Apply various theoretical models of health behaviour change to specific health issues,https://unitguides.mq.edu.au/unit_offerings/175772/unit_guide,2026-10-07
209,ESPS2000,Behaviour Change for Health and Exercise,Medicine & Health,ULO2,Critically evaluate strategies to support health behaviour change initiatives and promote exercise adherence,https://unitguides.mq.edu.au/unit_offerings/175772/unit_guide,2026-10-07
210,ESPS2000,Behaviour Change for Health and Exercise,Medicine & Health,ULO3,Outline the common barriers and facilitators of lifestyle change and disease prevention for diverse populations,https://unitguides.mq.edu.au/unit_offerings/175772/unit_guide,2026-10-07
211,ESPS2000,Behaviour Change for Health and Exercise,Medicine & Health,ULO4,"Describe and demonstrate the key tasks, principles, skills and spirit of motivational interviewing",https://unitguides.mq.edu.au/unit_offerings/175772/unit_guide,2026-10-07
